ts	phase	decision	why	evidence	result
2026-10-08T21:27:13Z	frame	done = a Claim whose player closes the page right after Submit still gets a NIP-03 kind-1040 Bitcoin proof on the leaderboard relays, with no player action	owner: players submit and walk away forever; phone-side finalizing was the wrong design	user message 2026-10-08	open
2026-10-08T21:27:13Z	frame	move upgrade + 1040 publishing off the phone into a finalizer that reads the public ots-pending events from relays	the pending proof is already public on Nostr, so anyone holding it can finish it; the phone is not needed	src/ots.js upgradeOts, research doc claim-ordering.md secondary questions	open
2026-10-08T21:27:13Z	frame	finalizer is a stateless one-shot run every 5 min by a systemd timer on the droplet, relays are the only state	idempotent by construction (skip a Claim that already has a 1040), no long-lived socket, tiny memory on a 1 GB box shared with 4 sites; GitHub Actions cron rejected because scheduled workflows get disabled after 60 days of repo inactivity	ssh notes-droplet free -m: 558 MB available	open
2026-10-08T21:27:13Z	frame	finalizer also stamps any Claim older than 2 min that has no ots-pending, as a fallback	covers a player who closes the page in the second between Claim publish and calendar reply; its calendar time is later, which only costs that player ordering precision		open
2026-10-08T21:27:13Z	frame	subtract phone-side upgrade, 1040, owed-carrier and k-of-n wait logic; phone keeps stamp-at-Submit and publishes ots-pending signed with the key it already holds	two finishers doing the same job is two places for bugs; the phone's stamp gives the earliest calendar time, which is the part only the phone can do	src/claim.js:161-230	open
2026-10-08T21:27:13Z	frame	rigor: medium-high. unit + local-relay e2e with a fake calendar for the Bitcoin step, a live upgrade check against real calendars, a dry run against public relays, then deploy	deploys a daemon on the shared droplet and writes to public relays; no one-way door (1040 format already fixed), so no arena		open
2026-10-08T21:32:24Z	build	finalizer core is pure src/finalize.js (indexEvents, decide, readiness, finalEvent) reusing ots.js/sign.js/verify.js; lives in src/ so the only-sign.js-signs test covers it	boundary validation in one place; shell stays thin	commit 66c80fc	npm test: 75 pass 0 fail; 5 mutations (digest check, sig check, both time boundaries, at-least-one rule) each fail a test
2026-10-08T21:32:24Z	build	replace phone's 24 h after first Bitcoin sighting with stateless rule: publish when every calendar in the merged pending attestations is in Bitcoin, or Claim created_at older than 12 h and at least one is	finalizer keeps no state between runs; Claim created_at is on the relays, first sighting is not	commit 66c80fc src/finalize.js readiness	unit test readiness boundary at 12h-1 / 12h passes
2026-10-08T21:32:24Z	build	an ots-pending with no matching Claim on relays is skipped, never finalized	otherwise anyone could make the finalizer sign 1040s for arbitrary digests	commit 66c80fc decide()	unit test 'claim not found' passes
2026-10-08T21:35:13Z	build	finalizer/run.mjs one-shot: 3 relay reads (7d claims, 7d ots-pending, 8d 1040 by #k) plus 1040 by #e for open Claims in chunks of 100; 8 Claims in parallel; dry-run GETs calendars but never POSTs, publishes, or writes the key	relays differ on #k indexing; dry-run must be safe to point at public relays	commit e0ff160	test/finalizer.test.mjs 2 pass: 3 runs to one 1040 then a 4th publishes nothing; #k-blind relay sees the 1040 via #e (fails with the #e query removed); fallback stamp publishes 1 ots-pending, dead relay -> exit 0
2026-10-08T21:35:14Z	build	relay reads time out at 15 s, not fetchEvents' 5 s default	first public probe got 0 events from relay.damus.io that answered fine seconds later; a background job can wait	manual probe 2026-10-08 damus kind1 0 then 2	dry-run against public relays: claims=0 (relays hold no kind 8064 at all yet)
2026-10-08T21:35:14Z	build	known gap: if every relay holding the 1040 fails to answer a read, the next run publishes a second 1040 (new created_at, new id)	no local state by design; duplicate 1040s for one Claim are harmless to a reader that takes any Bitcoin-attested one	finalizer/run.mjs readRelays	not tested
2026-10-08T21:37:10Z	subtract	phone stamps only for a newly signed Claim at first Submit; Retry never restamps; record.ots shrinks to {calendars, errors}; old records' ots.file/final/bitcoinSeenAt fields are ignored, not migrated	a failed or interrupted stamp is the finalizer's job (fallback stamp after 120 s); live phones keep working with old records	commit 4fbfc0f	npm test 72 pass 0 fail; npm run e2e all checks passed (steps 3 download and 6 owed-carrier removed)
2026-10-08T21:37:10Z	subtract	deleted otsStatus and encodeFile from ots.js; kept stampDigest, upgradeOts, merge, pruneToBitcoin, bitcoinCalendars, finalTemplate (finalizer uses them)	dead after the phone stopped upgrading	commit 4fbfc0f	grep: no remaining callers
2026-10-08T21:38:09Z	ux	Done line also requires the Run on a relay, not only the Claim + ots-pending as the brief worded it	a Claim whose Run no relay holds ranks nothing; the e2e relay refuses the Run once, and Done must not show then	commit 8f584f8 canWalkAway	claim.test walk-away 3 mutations each fail; e2e: Done line only after Retry resends the refused Run
2026-10-08T21:40:17Z	verify	e2e builds the page against a fake calendar (SCANNER_CALENDARS build define) and asserts every page socket and HTTP request is local; walk-away step closes the context at Done then runs the finalizer twice	the finalizer step needs a calendar that can be made to attest; no public calendar or relay touched	commit 8c933b7	npm run e2e: all checks passed; finalizer run 1 published 3 1040s, run 2 upgrade=0 stamp=0; exactly one 1040 for the closed page's Claim, block 917000
2026-10-08T21:40:17Z	deploy	finalizer ships as one esbuild bundle (57.9 kB) to /opt/qrgo-finalizer; oneshot service as user qrgo (already exists on droplet, uid 997) with StateDirectory key, MemoryMax=128M, ProtectSystem=strict; timer OnCalendar=*:0/5 Persistent=true; deploy.sh installs units when missing or changed, enable --now is idempotent	no npm install on the droplet; droplet node is v22.23.3 so the global WebSocket exists	ssh notes-droplet /opt/node/bin/node --version = v22.23.3; systemd-analyze verify on droplet exit 0	FINALIZER_BIN=dist-finalizer/finalizer.mjs node --test test/finalizer.test.mjs: 2 pass; bundle dry-run maxrss 77 MB
2026-10-08T21:41:07Z	docs	README: walk-away flow (step 6), Finalizer section (what each pass does, how anyone runs it, env, dry-run), contracts table rows for ots-pending and 1040 updated to the finalizer, SCANNER_CALENDARS, deploy.sh finalizer	brief unit 7	commit 4152e62 is the last code commit before docs	npm test 73 pass 0 fail
2026-10-08T21:41:53Z	verify	live upgrade check against real calendars through the finalizer path (upgradeOts -> readiness -> pruneToBitcoin) on the two-calendar fixture	the fake calendar proves the flow, not that real alice/bob answer the way upgradeOts expects	test/fixtures/two-calendars.txt.ots, GET only	changed=true, heights 429172 and 429355, readiness ready with both calendars, pruned proof has 0 pending
2026-10-08T21:41:53Z	verify	dry-run against the public relays, source and bundle	brief: read-only check allowed	commit a2ee8b3	both: claims=0 done=0 upgrade=0 stamp=0 skip=0, exit 0; the three relays hold no kind-8064 events at all (direct query), so no real decision was exercised
2026-10-08T21:28:35Z	harness	stamped a fresh random digest at alice, bob, finney with src/ots.js and poll its upgrade every 15 min	the riskiest unknown is whether a fresh pending proof really upgrades to a Bitcoin attestation through our code; check it live before trusting the finalizer	scratchpad/probe/probe.json, probe/upgrade.log	open
2026-10-08T21:28:35Z	deploy	installed node v22.23.3 from the official tarball to /opt/node and a system user qrgo on the droplet	the droplet had no node; a tarball under /opt touches no apt packages the other sites rely on; checksum verified against SHASUMS256	ssh notes-droplet /opt/node/bin/node --version	done
2026-10-08T21:43:25Z	verify	reran npm test (73 pass) and npm run e2e (step 6: page closed at Done, finalizer published the 1040) myself	checked the delegate's claims on the real artifact	commit bb3ba12	VERIFIED
2026-10-08T21:43:25Z	deploy	deploy.sh run (site rsync + install and enable the finalizer timer) was blocked by the session's permission guard as unauthorized persistence	a standing systemd timer on the shared droplet needs the owner's explicit OK	session transcript	BLOCKED
2026-10-08T21:44:43Z	deploy	deployed site + finalizer after owner said deploy it; first run under systemd as qrgo created its key and saw 0 Claims; timer every 5 min	owner approval in chat	journalctl -u qrgo-finalizer; qrgo.fyi/app.js has the Done line	VERIFIED
2026-10-08T21:44:43Z	review	sonnet trail review flagged: duplicate 1040s when relay reads fail, a forged 1040 can block a Claim forever, unbounded fallback stamping	independent review of the trail and code	finalizer/run.mjs:203-214, src/finalize.js:59-67, src/finalize.js:100	fix round started
2026-10-08T21:46:23Z	fix	finalizer aborts the pass (publishes nothing, logs abort) when any relay read reached EOSE on zero relays; relay.js gains queryRelays -> {events, answered}, fetchEvents wraps it	an unanswered read looked like an empty one, so a failed ots-pending or 1040 read re-stamped or re-finalized; CLOSED and timeouts don't count as answered	commit b609b8d; test 'a pass where a read got no answer' failed before (stamped a 2nd ots-pending)	npm test 75/75 pass
2026-10-08T21:46:54Z	fix	decide(entry, now, finalizerPubkey): done only on a Bitcoin 1040 signed by this finalizer's key; others' 1040s ignored; dry-run reads the key if present (else none counts)	the finalizer can't verify Bitcoin headers, so a forged 1040 by anyone could block a Claim forever; our own 1040s are the only ones we know are real	commit e5e43fb; unit test 'a valid Bitcoin 1040 signed by any other key is ignored' failed before (done)	npm test 76/76 pass
2026-10-08T21:48:31Z	fix	fallback stamp needs the Claim's Run (e tag id) on the relays and passing checkRun (run.mjs queries Runs by ids; indexEvents attaches entry.run); oldest-first cap of 20 stamps per pass, overflow logged; STAMP_AFTER_S 120 -> 600	any well-formed Claim cost a calendar request and an ots-pending each, unbounded; 10 min instead of 120 s because the phone's own pending carries the earlier calendar time (better for k-of-n ordering) and a slow phone on bad signal can take minutes, while the finalizer only needs to catch pages that never stamped; note checkRun accepts any signer, so the cap is the real bound	commit 670e4e1; unit + integration tests (run not found, not-a-Run, 23 Claims -> 20 then 23) failed before; mutation checkRun->verifyEvent caught	npm test 78/78 pass
2026-10-08T21:48:59Z	fix	each pass logs 'expiring <id> N h old, no 1040 yet; leaves the 7-day window in M h' for every Claim 6-7 days old not done by our key	Claims silently fell out of the since: now-7d read; journald now shows which ones and when; repeats every pass in the last day (~288 lines per stuck Claim) so a stuck Claim is visible, not a one-shot line a missed run could skip	commit ccd455b; integration test failed before (no expiring line)	npm test 79/79 pass
2026-10-08T21:49:36Z	verify	fix round verified: npm test 79/79, bundle passes the finalizer integration tests (FINALIZER_BIN), npm run e2e all checks passed, public-relay dry-run claims=0 with no abort, no key written	each review finding fixed with a test that failed first	commits b609b8d e5e43fb 670e4e1 ccd455b 648b9d3	VERIFIED (not deployed; droplet still runs the pre-fix bundle)
